{"cameraMode":{"drawMode":0,"name":"Shaded","section":"Shading Mode"},"sceneLighting":true,"audioPlay":false,"sceneViewState":{"showFog":true,"showMaterialUpdate":false,"showSkybox":true,"showFlares":true,"showImageEffects":true,"showParticleSystems":true},"in2DMode":false,"pivot":{"x":-1437.3524169921875,"y":-273.06756591796877,"z":1468.5665283203125},"rotation":{"x":-0.06106889992952347,"y":0.43663647770881655,"z":-0.02937917970120907,"w":-0.8972567915916443},"size":2160.60498046875,"orthographic":false}