{"cameraMode":{"drawMode":0,"name":"Shaded","section":"Shading Mode"},"sceneLighting":true,"audioPlay":false,"sceneViewState":{"showFog":true,"showMaterialUpdate":false,"showSkybox":true,"showFlares":true,"showImageEffects":true,"showParticleSystems":true},"in2DMode":false,"pivot":{"x":43.01885223388672,"y":-8.308219909667969,"z":193.47122192382813},"rotation":{"x":-0.231631800532341,"y":0.7086752653121948,"z":-0.26773470640182497,"w":-0.6105570793151856},"size":92.8522720336914,"orthographic":false}